<?xml version="1.0" encoding="UTF-8" ?>
<!DOCTYPE mapper
  PUBLIC "-//mybatis.org//DTD Mapper 3.0//EN"
  "http://mybatis.org/dtd/mybatis-3-mapper.dtd">
<mapper namespace="edu.bit.board.mapper.BoardMapper">
	
	<select id="getList" resultType="edu.bit.board.vo.BoardVO">
	<![CDATA[
		select * from mvc_board order by bGroup desc, bStep asc
	]]>
	</select>
	
	<select id="read" resultType="edu.bit.board.vo.BoardVO">
	<![CDATA[
		select * from mvc_board where bId = #{bId}
	]]><!-- 인자는 이렇게 받는다. 반드시 #!! -->
	</select>
	
	<select id="upHit">
	<![CDATA[
		update mvc_board set bHit = bHit + 1 where bId = #{bId}
	]]>
	</select>
	
	<update id="updateShape" >
	<![CDATA[
		update mvc_board set bStep = bStep + 1 where bGroup = #{boardVO.bGroup} and bStep > #{boardVO.bStep}
	]]><!-- $로 쓰면 spring으로 넘어가서 보안이 취약해져, @Param("boardVO")를 붙여서 boardVO.bGroup에서  boardVO.를 붙여야함-->
	</update>
	
	<insert id="insertReply" >
	<![CDATA[
		insert into mvc_board (bId, bName, bTitle, bContent, bGroup, bStep, bIndent) values (mvc_board_seq.nextval, #{bName}, #{bTitle}, #{bContent}, #{bGroup}, #{bStep}+1, #{bIndent}+1)
	]]>
	</insert>
	
	<insert id="insertBoard" >
	<![CDATA[
		insert into mvc_board (bId, bName, bTitle, bContent, bHit, bGroup, bStep, bIndent) values (mvc_board_seq.nextval, #{bName}, #{bTitle}, #{bContent}, 0, mvc_board_seq.currval, 0, 0)
	]]>
	</insert>	
</mapper>
