<?xml version="1.0" encoding="UTF-8"?>
<beans:beans xmlns="http://www.springframework.org/schema/mvc"
	xmlns:xsi="http://www.w3.org/2001/XMLSchema-instance"
	xmlns:beans="http://www.springframework.org/schema/beans"
	xmlns:context="http://www.springframework.org/schema/context"
	xmlns:tx="http://www.springframework.org/schema/tx"
	xmlns:aop="http://www.springframework.org/schema/aop"
	xsi:schemaLocation="http://www.springframework.org/schema/mvc https://www.springframework.org/schema/mvc/spring-mvc.xsd
		http://www.springframework.org/schema/beans https://www.springframework.org/schema/beans/spring-beans.xsd
		http://www.springframework.org/schema/context https://www.springframework.org/schema/context/spring-context.xsd
		http://www.springframework.org/schema/aop http://www.springframework.org/schema/aop/spring-aop-4.3.xsd
		http://www.springframework.org/schema/tx http://www.springframework.org/schema/tx/spring-tx-4.3.xsd">

	<!-- DispatcherServlet Context: defines this servlet's request-processing infrastructure -->
	
	<!-- Enables the Spring MVC @Controller programming model -->
	<annotation-driven />		

	<!-- Handles HTTP GET requests for /resources/** by efficiently serving up static resources in the ${webappRoot}/resources directory -->
	<resources mapping="/resources/**" location="/resources/" />

	<!-- Resolves views selected for rendering by @Controllers to .jsp resources in the /WEB-INF/views directory -->
	<beans:bean class="org.springframework.web.servlet.view.InternalResourceViewResolver">
		<beans:property name="prefix" value="/WEB-INF/views/" />
		<beans:property name="suffix" value=".jsp" />
	</beans:bean>
	
	<context:component-scan base-package="edu.bit.ex.controller" />
	
	  <!-- aop 설정-->
		  <aop:config>
		<aop:aspect ref="logAdvice">
			<aop:pointcut id="publicM" expression="within(edu.bit.ex..*)"/>
			<aop:before pointcut-ref="publicM" method="printLogging" />
		</aop:aspect>	
	</aop:config>   
	 
	<!-- 인터셉터 객체 생성 -->
	<beans:bean id="boardInterceptor" class="edu.bit.ex.interceptor.BoardInterceptor">
	</beans:bean>
	<beans:bean id="areaInterceptor" class="edu.bit.ex.interceptor.AreaInterceptor">
	</beans:bean>
	
	<!-- Interceptor 설정 -->
	<interceptors>
	    <interceptor>
	        <mapping path="/list/**"/>       <!-- 리스트로 치고 들어오는 모든 것은 인터섹터 적용시키겠다 -->  
	        <exclude-mapping path="/resources/**"/> <!--exclude-mapping : 리소스로 치고 들어오는 모든 것들은 인터섹터 적용 안한다. -->
	        <beans:ref bean="boardInterceptor"/>
	    </interceptor>
	</interceptors>
	
	<interceptors>
	    <interceptor>
	        <mapping path="/area/**"/>       <!-- 리스트로 치고 들어오는 모든 것은 인터섹터 적용시키겠다 -->  
	        <exclude-mapping path="/resources/**"/> <!--exclude-mapping : 리소스로 치고 들어오는 모든 것들은 인터섹터 적용 안한다. -->
	        <beans:ref bean="areaInterceptor"/>
	    </interceptor>
	</interceptors>
	
	
</beans:beans>
