<?xml version="1.0" encoding="UTF-8" ?>
<!DOCTYPE mapper
  PUBLIC "-//mybatis.org//DTD Mapper 3.0//EN"
  "http://mybatis.org/dtd/mybatis-3-mapper.dtd">
<mapper namespace="edu.bit.ex.mapper.BoardMapper">
	
	<select id="getList" resultType="edu.bit.ex.vo.BoardVO">
	<![CDATA[
		select bId, bName, bTitle, bContent, bDate, bHit, bGroup, bStep, bIndent from mvc_board order by bGroup desc, bStep asc
	]]>
<!--끝에 ; 붙이면 에러  -->
	</select>
<!-- content_view -->	
	<select id="read" resultType="edu.bit.ex.vo.BoardVO">
	<![CDATA[
		select * from mvc_board where bId = #{bId}
	]]>
	</select>
<!-- #{}으로 쳐야 PreparedStatement어쩌고로 들어가 -->
	<select id="readReply" resultType="edu.bit.ex.vo.BoardVO">
	<![CDATA[
		select * from mvc_board where bId = #{bId}
	]]>
	</select>
<!-- 댓글 모양 -->	
	<update id="updateShape" >
	<![CDATA[
		update mvc_board set bStep = bStep + 1 where bGroup = #{bGroup} and bStep > ${bStep}
	]]>
	</update>
<!-- 조회수 -->
	<update id="upHit" >
	<![CDATA[
		update mvc_board set bHit = bHit + 1 where bId = #{bId}
	]]>
	</update>
<!-- 댓글 작성 -->
	<insert id="insertReply" >
	<![CDATA[
		insert into mvc_board (bId, bName, bTitle, bContent, bGroup, bStep, bIndent) values (mvc_board_seq.nextval, #{bName}, #{bTitle},#{bContent}, #{bGroup}, #{bStep}+1, #{bIndent}+1)
	]]>
	</insert>
<!-- 글 작성 -->
	<insert id="insertBoard" >
	<![CDATA[
		insert into mvc_board (bId, bName, bTitle, bContent, bHit, bGroup, bStep, bIndent) values (mvc_board_seq.nextval, #{bName}, #{bTitle}, #{bContent}, 0, mvc_board_seq.currval, 0, 0)
	]]>
	</insert>

</mapper>
