<?xml version="1.0" encoding="UTF-8"?>
<beans xmlns="http://www.springframework.org/schema/beans"
	xmlns:xsi="http://www.w3.org/2001/XMLSchema-instance"
	xsi:schemaLocation="http://www.springframework.org/schema/beans http://www.springframework.org/schema/beans/spring-beans.xsd">

	<bean id="recArea" class="edu.bit.ex.RectangleArea">
		<constructor-arg>
		<value>5</value>
		</constructor-arg>
		<constructor-arg value="10"></constructor-arg>
	</bean>
	
	<bean id="triArea" class="edu.bit.ex.TriangleArea">
		<constructor-arg>
		<value>5</value>
		</constructor-arg>
		<constructor-arg value="10"></constructor-arg>
	</bean>
	
	

</beans>
