<?xml version="1.0" encoding="UTF-8"?>
<beans xmlns="http://www.springframework.org/schema/beans"
	xmlns:xsi="http://www.w3.org/2001/XMLSchema-instance"
	xsi:schemaLocation="http://www.springframework.org/schema/beans http://www.springframework.org/schema/beans/spring-beans.xsd">

	<bean id="recArea" class="edu.bit.ex.RectangleArea">
		<property name="width">
			<value >5</value>
		</property>
		<property name="height">
			<value>10</value>
		</property>
	</bean>
	
	<bean id="triArea" class="edu.bit.ex.TriangleArea">
		<property name="width">
			<value >5</value>
		</property>
		<property name="height">
			<value>10</value>
		</property>
	</bean>
	
	

</beans>
