<?xml version="1.0" encoding="UTF-8"?>
<beans:beans xmlns="http://www.springframework.org/schema/security"
    xmlns:beans="http://www.springframework.org/schema/beans"
	xmlns:xsi="http://www.w3.org/2001/XMLSchema-instance"
	xsi:schemaLocation="http://www.springframework.org/schema/security http://www.springframework.org/schema/security/spring-security.xsd
		http://www.springframework.org/schema/beans http://www.springframework.org/schema/beans/spring-beans-4.3.xsd">
    
    <!-- 검사 URL -->
    <http auto-config="true" use-expressions="true">
        <intercept-url pattern="/login/loginForm" access="permitAll" />
        <intercept-url pattern="/" access="permitAll" />
        <intercept-url pattern="/user/**" access="permitAll" />
        <intercept-url pattern="/admin/**" access="hasRole('ADMIN')" />
        <intercept-url pattern="/**" access="hasAnyRole('USER, ADMIN')" />
        
        <form-login login-page="/login/loginForm"
                    default-target-url="/"
                    authentication-failure-url="/login/loginForm?error"
                    username-parameter="id"
                    password-parameter="password" />
        
         <logout logout-url="/logout"
                logout-success-url="/" /> 
                
        <access-denied-handler error-page="/login/accessDenied" />
    </http>    
    
     <beans:bean id="userDetailsService" class="org.springframework.security.core.userdetails.jdbc.JdbcDaoImpl">
        <beans:property name="dataSource" ref="dataSource"/><!-- 디비를 통해서 유저를 갖고오겠다 --><!-- 루트컨텍스트에 있는 객체를 가져와서 이용 -->
    </beans:bean> 
    
     <!-- 객체 생성 -->
 	 <beans:bean id="customNoOpPasswordEncoder" class="edu.bit.ex.security.CustomNoOpPasswordEncoder"/>
     <beans:bean id="bcryptPasswordEncoder" class="org.springframework.security.crypto.bcrypt.BCryptPasswordEncoder" />		<!-- 시큐리티내에서  -->
     <beans:bean id="customUserDetailsService" class="edu.bit.ex.security.CustomUserDetailsService" />		<!-- 시큐리티내에서  -->
   
    
    <!--  provider  -->
      <authentication-manager>
        <authentication-provider user-service-ref="customUserDetailsService">
        <password-encoder ref="customNoOpPasswordEncoder"/> <!-- 아이디 담긴걸 다 가져온거 --> 
    <!--jdbc 사라짐  -->
        </authentication-provider>
    </authentication-manager> 
    
<!--    <authentication-manager>
        <authentication-provider>
        <jdbc-user-service 
            data-source-ref="dataSource"
         />
        </authentication-provider>
    </authentication-manager> -->
   
</beans:beans>